0,진영욱
1,다니엘트레이너
2,이해성
3,유승열
4,함종석
5,정해일
6,주병윤
7,조병관
8,신동호
9,정경석
10,이정훈
11,박승경
12,양승용
13,국정한
14,박성제
15,유승한
16,박운진
17,최성주
18,이광주
19,김승모
20,박일환
21,이고르
22,정진은
23,원윤재
24,정동택
25,허준영
26,김노유
27,윤영한
28,김병기
29,이상순
30,오윤식
31,김광선
32,김종원
33,성상만
34,김홍근
35,진경복
36,강기호
37,이인석
38,류길하
39,최만성
40,유중학
41,김문기
42,민동균
43,허용정
44,미정
45,장영철
46,안채헌
47,김한종
48,랜스키
49,위상봉
50,이직렬
51,모하이센
52,박종운
53,박형근
54,강승찬
55,최성식
56,이연옥
57,최강선
58,임재열
59,서화일
60,정종대
61,박창순
62,손영득
63,오성철
64,오용택
65,노대석
66,조현찬
67,지선호
68,김용재
69,강성진
70,신동욱
71,설순욱
72,이명의
73,이재오
74,박영길
75,오창헌
76,정구철
77,이강환
78,김윤상
79,강형주
80,김원태
81,이재협
82,조태훈
83,김은경
84,윤한경
85,장경식
86,김상연
87,주영복
88,무하마드
89,최영규
90,강승우
91,문일영
92,한연희
93,박승철
94,서희석
95,민준기
96,이승재
97,김기주
98,페드라비시
99,김혁기
100,박광범
101,이영종
102,김상섭
103,김남호
104,장병호
105,정광태
106,김형로
107,문무경
108,김태균
109,김성준
110,홍주표
111,정용주
112,정영미
113,신경철
114,구자경
115,고진현
116,조을룡
117,조남준
118,유성식
119,이병환
120,남병욱
121,최순목
122,김석준
123,아르노캐론
124,김상호
125,나윤채
126,이규만
127,김영철
128,박해웅
129,복경수
130,이재원
131,이해춘
132,한상일
133,이성기
134,윤석천
135,안세화
136,이상철
137,성지미
138,강봉준
139,김동태
140,이은영
141,최두열
142,이문수
143,엄기용
144,김용호
145,전정용
146,표민호
147,이동진
148,금재호
149,이장희
150,이철기
151,지일용
152,김호
153,김종화
154,심재동
155,한성휴
156,허주현
157,박원우
158,최용빈
159,황상민
160,최형준
161,김용일
162,하준홍
163,한효근
164,우현균
165,김효중
166,정태수
167,김원년
168,남윤성
169,김광철
170,이미리
171,허수헌
172,황운학
173,신지식
174,박흥재
175,이상희
176,이재흥
177,이용삼
178,신선경
179,김수영
180,김덕호
181,정혜경
182,김우철
183,임세영
184,원상봉
185,최명란
186,박윤희
187,이철우
188,김원섭
189,김종옥
190,한상진
191,이지은
192,서진희
193,이제경
194,배광민
195,이진구
196,김지연
197,최규영
198,오명진
199,강혜영
200,정태종
201,송윤심
202,박훈신
203,이재은
204,김현수
205,김재성
206,장문강
207,정재영
208,황미경
209,하정수
210,신현웅
211,안대현
212,우현주
213,정경민
214,한애경
215,이종석
216,김용석
217,성영복
218,이주희
219,장윤상
220,유현주
221,콜트
222,루이스 까바레로
223,멜리사 왓킨스
224,에슐리 스투엔지
225,웨인 잭슨
226,웨스너
227,김현희
228,김정빈
229,김영란
230,한정은
231,주경미
232,김서형
233,김지혜
234,백승종
235,손영창
236,신광호
237,최바올
238,김성일
239,홍선표
240,김동하
241,조숙정
242,김재우
243,김기운
244,김영환
245,정상옥
246,최진혁
247,윤지은
248,김태상
249,이길민
250,김민성
251,인희숙
252,김동일
253,홍성희
254,김철재
255,김주형
256,김능가
